{
  "project_info": {
    "project_number": "337747969555",
    "firebase_url": "https://naranjoswishv1-default-rtdb.firebaseio.com",
    "project_id": "naranjoswishv1",
    "storage_bucket": "naranjoswishv1.firebasestorage.app"
  },
  "client": [
    {
      "client_info": {
        "mobilesdk_app_id": "1:337747969555:android:c2e5e6cc0a6a5674d161e6",
        "android_client_info": {
          "package_name": "com.example.naranjoswich"
        }
      },
      "oauth_client": [],
      "api_key": [
        {
          "current_key": "AIzaSyDPFM5mK7cK5PLoCFg4FjF8ZzF1kodVxv8"
        }
      ],
      "services": {
        "appinvite_service": {
          "other_platform_oauth_client": []
        }
      }
    }
  ],
  "configuration_version": "1"
}